Year,State,State ANSI,Acres,Production
2019,ALABAMA,1,130000,6120000
2019,ARIZONA,4,34000,3432000
2019,ARKANSAS,5,110000,2600000
2019,CALIFORNIA,6,420000,7244000
2019,COLORADO,8,2150000,98000000
2019,DELAWARE,10,60000,3600000
2019,GEORGIA,13,150000,2800000
2019,IDAHO,16,1195000,98755000
2019,ILLINOIS,17,650000,36850000
2019,INDIANA,18,330000,16120000
2019,KANSAS,20,6900000,338000000
2019,KENTUCKY,21,460000,25080000
2019,MARYLAND,24,345000,12375000
2019,MICHIGAN,26,540000,34080000
2019,MINNESOTA,27,1450000,79800000
2019,MISSISSIPPI,28,45000,987000
2019,MISSOURI,29,550000,24570000
2019,MONTANA,30,5450000,219265000
2019,NEBRASKA,31,1070000,55290000
2019,NEW JERSEY,34,19000,924000
2019,NEW MEXICO,35,360000,3150000
2019,NEW YORK,36,90000,4158000
2019,NORTH CAROLINA,37,290000,12600000
2019,NORTH DAKOTA,38,7505000,320760000
2019,OHIO,39,500000,21560000
2019,OKLAHOMA,40,4200000,110000000
2019,OREGON,41,740000,49640000
2019,PENNSYLVANIA,42,180000,10220000
2019,SOUTH CAROLINA,45,70000,2160000
2019,SOUTH DAKOTA,46,1500000,66055000
2019,TENNESSEE,47,280000,14405000
2019,TEXAS,48,4500000,69700000
2019,UTAH,49,125000,6264000
2019,VIRGINIA,51,180000,6510000
2019,WASHINGTON,53,2260000,142735000
2019,WISCONSIN,55,195000,9600000
2019,WYOMING,56,125000,4730000
2018,ALABAMA,1,160000,7920000
2018,ARIZONA,4,96000,7898000
2018,ARKANSAS,5,175000,5225000
2018,CALIFORNIA,6,425000,11985000
2018,COLORADO,8,2260000,70504000
2018,DELAWARE,10,75000,3195000
2018,FLORIDA,12,15000,360000
2018,GEORGIA,13,200000,3780000
2018,IDAHO,16,1191000,104410000
2018,ILLINOIS,17,600000,36960000
2018,INDIANA,18,310000,18460000
2018,IOWA,19,16000,348000
2018,KANSAS,20,7700000,277400000
2018,KENTUCKY,21,450000,19800000
2018,LOUISIANA,22,15000,650000
2018,MARYLAND,24,360000,12600000
2018,MICHIGAN,26,510000,35720000
2018,MINNESOTA,27,1621000,92930000
2018,MISSISSIPPI,28,55000,1470000
2018,MISSOURI,29,740000,30680000
2018,MONTANA,30,5390000,197630000
2018,NEBRASKA,31,1100000,49490000
2018,NEVADA,32,23000,900000
2018,NEW JERSEY,34,18000,930000
2018,NEW MEXICO,35,320000,1575000
2018,NEW YORK,36,110000,6555000
2018,NORTH CAROLINA,37,460000,21090000
2018,NORTH DAKOTA,38,7735000,363483000
2018,OHIO,39,490000,33750000
2018,OKLAHOMA,40,4400000,70000000
2018,OREGON,41,800000,51590000
2018,PENNSYLVANIA,42,195000,9425000
2018,SOUTH CAROLINA,45,80000,3510000
2018,SOUTH DAKOTA,46,1883000,72294000
2018,TENNESSEE,47,380000,18525000
2018,TEXAS,48,4500000,56000000
2018,UTAH,49,130000,5356000
2018,VIRGINIA,51,230000,9300000
2018,WASHINGTON,53,2220000,153210000
2018,WEST VIRGINIA,54,7000,138000
2018,WISCONSIN,55,240000,14200000
2018,WYOMING,56,130000,3910000
2017,ALABAMA,1,150000,7700000
2017,ARIZONA,4,115000,10589000
2017,ARKANSAS,5,200000,6500000
2017,CALIFORNIA,6,420000,12404000
2017,COLORADO,8,2260000,87598000
2017,DELAWARE,10,75000,4380000
2017,FLORIDA,12,20000,370000
2017,GEORGIA,13,160000,3290000
2017,IDAHO,16,1175000,90723000
2017,ILLINOIS,17,500000,35720000
2017,INDIANA,18,290000,17760000
2017,IOWA,19,16000,544000
2017,KANSAS,20,7600000,333600000
2017,KENTUCKY,21,480000,23870000
2017,LOUISIANA,22,20000,598000
2017,MARYLAND,24,410000,13135000
2017,MICHIGAN,26,480000,33575000
2017,MINNESOTA,27,1170000,75935000
2017,MISSISSIPPI,28,45000,1450000
2017,MISSOURI,29,640000,36720000
2017,MONTANA,30,5140000,127430000
2017,NEBRASKA,31,1120000,46920000
2017,NEVADA,32,29000,1480000
2017,NEW JERSEY,34,23000,1088000
2017,NEW MEXICO,35,330000,4050000
2017,NEW YORK,36,140000,8375000
2017,NORTH CAROLINA,37,450000,20625000
2017,NORTH DAKOTA,38,6680000,237133000
2017,OHIO,39,490000,34040000
2017,OKLAHOMA,40,4500000,98600000
2017,OREGON,41,775000,48069000
2017,PENNSYLVANIA,42,210000,10800000
2017,SOUTH CAROLINA,45,90000,3675000
2017,SOUTH DAKOTA,46,1887000,41678000
2017,TENNESSEE,47,370000,19250000
2017,TEXAS,48,4700000,68150000
2017,UTAH,49,134000,6240000
2017,VIRGINIA,51,210000,9570000
2017,WASHINGTON,53,2195000,142500000
2017,WEST VIRGINIA,54,8000,276000
2017,WISCONSIN,55,210000,11560000
2017,WYOMING,56,135000,2940000
2016,ALABAMA,1,230000,11900000
2016,ARIZONA,4,111000,10073000
2016,ARKANSAS,5,195000,6210000
2016,CALIFORNIA,6,480000,17302000
2016,COLORADO,8,2361000,106000000
2016,DELAWARE,10,70000,4355000
2016,FLORIDA,12,22000,450000
2016,GEORGIA,13,180000,5060000
2016,IDAHO,16,1190000,102795000
2016,ILLINOIS,17,520000,34780000
2016,INDIANA,18,330000,22680000
2016,IOWA,19,25000,1071000
2016,KANSAS,20,8500000,467400000
2016,KENTUCKY,21,510000,32000000
2016,LOUISIANA,22,25000,900000
2016,MARYLAND,24,360000,16640000
2016,MICHIGAN,26,610000,50730000
2016,MINNESOTA,27,1321000,74828000
2016,MISSISSIPPI,28,65000,2400000
2016,MISSOURI,29,690000,39900000
2016,MONTANA,30,5130000,210875000
2016,NEBRASKA,31,1370000,70740000
2016,NEVADA,32,15000,651000
2016,NEW JERSEY,34,25000,1344000
2016,NEW MEXICO,35,345000,4620000
2016,NEW YORK,36,120000,8510000
2016,NORTH CAROLINA,37,420000,14555000
2016,NORTH DAKOTA,38,7590000,332978000
2016,OHIO,39,580000,44800000
2016,OKLAHOMA,40,5000000,136500000
2016,OREGON,41,810000,39937000
2016,PENNSYLVANIA,42,190000,10200000
2016,SOUTH CAROLINA,45,60000,2150000
2016,SOUTH DAKOTA,46,2270000,111281000
2016,TENNESSEE,47,400000,24455000
2016,TEXAS,48,5000000,89600000
2016,UTAH,49,129000,7184000
2016,VIRGINIA,51,210000,9275000
2016,WASHINGTON,53,2240000,157290000
2016,WEST VIRGINIA,54,7000,244000
2016,WISCONSIN,55,270000,19750000
2016,WYOMING,56,140000,4250000
2015,ALABAMA,1,260000,14960000
2015,ARIZONA,4,160000,15356000
2015,ARKANSAS,5,350000,13440000
2015,CALIFORNIA,6,520000,18595000
2015,COLORADO,8,2458000,81485000
2015,DELAWARE,10,70000,4225000
2015,FLORIDA,12,25000,645000
2015,GEORGIA,13,215000,6235000
2015,IDAHO,16,1220000,89370000
2015,ILLINOIS,17,540000,33800000
2015,INDIANA,18,290000,17680000
2015,IOWA,19,20000,780000
2015,KANSAS,20,9200000,321900000
2015,KENTUCKY,21,560000,32120000
2015,LOUISIANA,22,110000,3588000
2015,MARYLAND,24,355000,17280000
2015,MICHIGAN,26,510000,38475000
2015,MINNESOTA,27,1532000,88294000
2015,MISSISSIPPI,28,150000,5760000
2015,MISSOURI,29,760000,32330000
2015,MONTANA,30,5620000,188515000
2015,NEBRASKA,31,1490000,45980000
2015,NEVADA,32,12000,650000
2015,NEW JERSEY,34,27000,1000000
2015,NEW MEXICO,35,385000,4750000
2015,NEW YORK,36,120000,6930000
2015,NORTH CAROLINA,37,650000,30210000
2015,NORTH DAKOTA,38,7990000,370023000
2015,OHIO,39,520000,32160000
2015,OKLAHOMA,40,5300000,98800000
2015,OREGON,41,835000,39195000
2015,PENNSYLVANIA,42,195000,11375000
2015,SOUTH CAROLINA,45,170000,7360000
2015,SOUTH DAKOTA,46,2756000,103406000
2015,TENNESSEE,47,455000,26860000
2015,TEXAS,48,6100000,106500000
2015,UTAH,49,135000,6207000
2015,VIRGINIA,51,260000,13860000
2015,WASHINGTON,53,2290000,111900000
2015,WEST VIRGINIA,54,9000,240000
2015,WISCONSIN,55,230000,15540000
2015,WYOMING,56,145000,4160000
2014,ALABAMA,1,255000,15525000
2014,ARIZONA,4,85000,9136000
2014,ARKANSAS,5,465000,24885000
2014,CALIFORNIA,6,530000,18350000
2014,COLORADO,8,2759000,89812000
2014,DELAWARE,10,80000,5400000
2014,FLORIDA,12,15000,390000
2014,GEORGIA,13,300000,11270000
2014,IDAHO,16,1271000,93717000
2014,ILLINOIS,17,740000,44890000
2014,INDIANA,18,390000,25460000
2014,IOWA,19,26000,735000
2014,KANSAS,20,9600000,246400000
2014,KENTUCKY,21,630000,36210000
2014,LOUISIANA,22,160000,9300000
2014,MARYLAND,24,340000,17500000
2014,MICHIGAN,26,550000,34780000
2014,MINNESOTA,27,1262000,66468000
2014,MISSISSIPPI,28,230000,12470000
2014,MISSOURI,29,880000,42920000
2014,MONTANA,30,5985000,209470000
2014,NEBRASKA,31,1550000,71050000
2014,NEVADA,32,21000,1050000
2014,NEW JERSEY,34,33000,1325000
2014,NEW MEXICO,35,380000,2940000
2014,NEW YORK,36,120000,5985000
2014,NORTH CAROLINA,37,830000,44660000
2014,NORTH DAKOTA,38,7960000,347068000
2014,OHIO,39,620000,40330000
2014,OKLAHOMA,40,5300000,47600000
2014,OREGON,41,830000,44444000
2014,PENNSYLVANIA,42,185000,9750000
2014,SOUTH CAROLINA,45,230000,11440000
2014,SOUTH DAKOTA,46,2514000,131260000
2014,TENNESSEE,47,530000,31350000
2014,TEXAS,48,6000000,67500000
2014,UTAH,49,130000,5882000
2014,VIRGINIA,51,290000,17680000
2014,WASHINGTON,53,2320000,108460000
2014,WEST VIRGINIA,54,10000,448000
2014,WISCONSIN,55,295000,16250000
2014,WYOMING,56,140000,4750000
2013,ALABAMA,1,310000,19665000
2013,ARIZONA,4,87000,8348000
2013,ARKANSAS,5,680000,37820000
2013,CALIFORNIA,6,690000,32500000
2013,COLORADO,8,2310000,41488000
2013,DELAWARE,10,85000,4992000
2013,FLORIDA,12,25000,1121000
2013,GEORGIA,13,430000,21600000
2013,IDAHO,16,1321000,103592000
2013,ILLINOIS,17,880000,56280000
2013,INDIANA,18,460000,31755000
2013,IOWA,19,30000,1092000
2013,KANSAS,20,9500000,321100000
2013,KENTUCKY,21,700000,45750000
2013,LOUISIANA,22,265000,14790000
2013,MARYLAND,24,345000,17420000
2013,MICHIGAN,26,620000,44250000
2013,MINNESOTA,27,1227000,67152000
2013,MISSISSIPPI,28,400000,22330000
2013,MISSOURI,29,1080000,56145000
2013,MONTANA,30,5400000,201635000
2013,NEBRASKA,31,1470000,39900000
2013,NEVADA,32,31000,1305000
2013,NEW JERSEY,34,34000,1566000
2013,NEW MEXICO,35,440000,4400000
2013,NEW YORK,36,125000,7820000
2013,NORTH CAROLINA,37,990000,52725000
2013,NORTH DAKOTA,38,6105000,273343000
2013,OHIO,39,660000,44800000
2013,OKLAHOMA,40,5600000,105400000
2013,OREGON,41,880000,53904000
2013,PENNSYLVANIA,42,185000,10540000
2013,SOUTH CAROLINA,45,280000,14310000
2013,SOUTH DAKOTA,46,2494000,77558000
2013,TENNESSEE,47,640000,40825000
2013,TEXAS,48,6300000,68150000
2013,UTAH,49,138000,5484000
2013,VIRGINIA,51,335000,17980000
2013,WASHINGTON,53,2210000,145530000
2013,WEST VIRGINIA,54,9000,364000
2013,WISCONSIN,55,315000,15370000
2013,WYOMING,56,150000,2880000
2012,ALABAMA,1,220000,10915000
2012,ARIZONA,4,114000,10360000
2012,ARKANSAS,5,550000,24475000
2012,CALIFORNIA,6,715000,38645000
2012,COLORADO,8,2363000,69268000
2012,DELAWARE,10,80000,5624000
2012,FLORIDA,12,20000,630000
2012,GEORGIA,13,290000,11500000
2012,IDAHO,16,1303000,97246000
2012,ILLINOIS,17,650000,40960000
2012,INDIANA,18,330000,19095000
2012,IOWA,19,18000,650000
2012,KANSAS,20,9400000,382200000
2012,KENTUCKY,21,550000,27720000
2012,LOUISIANA,22,285000,13475000
2012,MARYLAND,24,310000,14280000
2012,MICHIGAN,26,560000,40660000
2012,MINNESOTA,27,1385000,76430000
2012,MISSISSIPPI,28,345000,18240000
2012,MISSOURI,29,780000,39440000
2012,MONTANA,30,5800000,195590000
2012,NEBRASKA,31,1370000,53300000
2012,NEVADA,32,26000,1167000
2012,NEW JERSEY,34,27000,1288000
2012,NEW MEXICO,35,440000,2835000
2012,NEW YORK,36,100000,5355000
2012,NORTH CAROLINA,37,810000,42180000
2012,NORTH DAKOTA,38,7840000,340100000
2012,OHIO,39,500000,30600000
2012,OKLAHOMA,40,5400000,154800000
2012,OREGON,41,885000,57576000
2012,PENNSYLVANIA,42,155000,8775000
2012,SOUTH CAROLINA,45,235000,11660000
2012,SOUTH DAKOTA,46,2395000,102025000
2012,TENNESSEE,47,405000,20790000
2012,TEXAS,48,5600000,95700000
2012,UTAH,49,140000,5643000
2012,VIRGINIA,51,280000,15360000
2012,WASHINGTON,53,2200000,144125000
2012,WEST VIRGINIA,54,8000,260000
2012,WISCONSIN,55,265000,18375000
2012,WYOMING,56,145000,2990000
2011,ALABAMA,1,220000,13870000
2011,ARIZONA,4,80000,7622000
2011,ARKANSAS,5,620000,30160000
2011,CALIFORNIA,6,775000,48530000
2011,COLORADO,8,2295000,77828000
2011,DELAWARE,10,80000,5175000
2011,FLORIDA,12,12000,368000
2011,GEORGIA,13,250000,11200000
2011,IDAHO,16,1491000,117579000
2011,ILLINOIS,17,800000,46970000
2011,INDIANA,18,430000,25110000
2011,IOWA,19,22000,720000
2011,KANSAS,20,8800000,278250000
2011,KENTUCKY,21,540000,30800000
2011,LOUISIANA,22,250000,15120000
2011,MARYLAND,24,260000,12060000
2011,MICHIGAN,26,700000,50625000
2011,MINNESOTA,27,1575000,70176000
2011,MISSISSIPPI,28,335000,19840000
2011,MISSOURI,29,790000,34500000
2011,MONTANA,30,5100000,174970000
2011,NEBRASKA,31,1550000,66600000
2011,NEVADA,32,23000,1323000
2011,NEW JERSEY,34,35000,1519000
2011,NEW MEXICO,35,435000,1890000
2011,NEW YORK,36,120000,5115000
2011,NORTH CAROLINA,37,670000,40120000
2011,NORTH DAKOTA,38,6800000,199858000
2011,OHIO,39,880000,48450000
2011,OKLAHOMA,40,5100000,73600000
2011,OREGON,41,1000000,75355000
2011,PENNSYLVANIA,42,185000,8670000
2011,SOUTH CAROLINA,45,190000,10800000
2011,SOUTH DAKOTA,46,2878000,103859000
2011,TENNESSEE,47,400000,20740000
2011,TEXAS,48,5300000,47500000
2011,UTAH,49,151000,7120000
2011,VIRGINIA,51,270000,17040000
2011,WASHINGTON,53,2360000,165530000
2011,WEST VIRGINIA,54,10000,354000
2011,WISCONSIN,55,345000,21775000
2011,WYOMING,56,150000,4420000
2010,ALABAMA,1,110000,4400000
2010,ARIZONA,4,75000,7895000
2010,ARKANSAS,5,185000,7290000
2010,CALIFORNIA,6,765000,36325000
2010,COLORADO,8,2426000,103350000
2010,DELAWARE,10,50000,2726000
2010,FLORIDA,12,12000,287000
2010,GEORGIA,13,150000,4080000
2010,IDAHO,16,1397000,107842000
2010,ILLINOIS,17,300000,15390000
2010,INDIANA,18,250000,14100000
2010,IOWA,19,15000,460000
2010,KANSAS,20,8300000,360000000
2010,KENTUCKY,21,320000,12870000
2010,LOUISIANA,22,120000,5355000
2010,MARYLAND,24,185000,7800000
2010,MICHIGAN,26,520000,34650000
2010,MINNESOTA,27,1660000,87835000
2010,MISSISSIPPI,28,115000,4230000
2010,MISSOURI,29,340000,11960000
2010,MONTANA,30,5370000,214180000
2010,NEBRASKA,31,1600000,64070000
2010,NEVADA,32,17000,616000
2010,NEW JERSEY,34,25000,980000
2010,NEW MEXICO,35,470000,8120000
2010,NEW YORK,36,105000,6365000
2010,NORTH CAROLINA,37,430000,12540000
2010,NORTH DAKOTA,38,8420000,356600000
2010,OHIO,39,720000,42700000
2010,OKLAHOMA,40,5200000,119350000
2010,OREGON,41,925000,61348000
2010,PENNSYLVANIA,42,150000,7670000
2010,SOUTH CAROLINA,45,135000,4320000
2010,SOUTH DAKOTA,46,2795000,122635000
2010,TENNESSEE,47,225000,8215000
2010,TEXAS,48,5700000,123750000
2010,UTAH,49,151000,6379000
2010,VIRGINIA,51,180000,7650000
2010,WASHINGTON,53,2310000,147540000
2010,WEST VIRGINIA,54,7000,270000
2010,WISCONSIN,55,240000,14720000
2010,WYOMING,56,150000,4160000
2009,ALABAMA,1,220000,8640000
2009,ARIZONA,4,122000,11825000
2009,ARKANSAS,5,420000,16500000
2009,CALIFORNIA,6,810000,41300000
2009,COLORADO,8,2630000,101410000
2009,DELAWARE,10,65000,3843000
2009,FLORIDA,12,17000,616000
2009,GEORGIA,13,335000,10290000
2009,IDAHO,16,1329000,100669000
2009,ILLINOIS,17,850000,45920000
2009,INDIANA,18,470000,30150000
2009,IOWA,19,28000,990000
2009,KANSAS,20,9300000,375900000
2009,KENTUCKY,21,480000,20805000
2009,LOUISIANA,22,185000,9520000
2009,MARYLAND,24,245000,10030000
2009,MICHIGAN,26,630000,39440000
2009,MINNESOTA,27,1645000,83725000
2009,MISSISSIPPI,28,165000,7500000
2009,MISSOURI,29,760000,33605000
2009,MONTANA,30,5470000,175125000
2009,NEBRASKA,31,1700000,77280000
2009,NEVADA,32,16000,864000
2009,NEW JERSEY,34,34000,1479000
2009,NEW MEXICO,35,460000,3000000
2009,NEW YORK,36,110000,6500000
2009,NORTH CAROLINA,37,660000,28175000
2009,NORTH DAKOTA,38,8680000,377190000
2009,OHIO,39,980000,67450000
2009,OKLAHOMA,40,5600000,74800000
2009,OREGON,41,930000,51098000
2009,PENNSYLVANIA,42,180000,8400000
2009,SOUTH CAROLINA,45,175000,7520000
2009,SOUTH DAKOTA,46,3258000,129636000
2009,TENNESSEE,47,410000,16250000
2009,TEXAS,48,6400000,61250000
2009,UTAH,49,154000,7278000
2009,VIRGINIA,51,260000,12760000
2009,WASHINGTON,53,2340000,123765000
2009,WEST VIRGINIA,54,9000,250000
2009,WISCONSIN,55,335000,21420000
2009,WYOMING,56,150000,4750000
2008,ALABAMA,1,265000,14910000
2008,ARIZONA,4,159000,15172000
2008,ARKANSAS,5,1070000,56000000
2008,CALIFORNIA,6,880000,48825000
2008,COLORADO,8,2190000,61600000
2008,DELAWARE,10,85000,6083000
2008,FLORIDA,12,25000,1242000
2008,GEORGIA,13,490000,22550000
2008,IDAHO,16,1420000,99670000
2008,ILLINOIS,17,1200000,73600000
2008,INDIANA,18,590000,39330000
2008,IOWA,19,40000,1440000
2008,KANSAS,20,9700000,360000000
2008,KENTUCKY,21,580000,31240000
2008,LOUISIANA,22,400000,21945000
2008,MARYLAND,24,255000,13140000
2008,MICHIGAN,26,730000,48280000
2008,MINNESOTA,27,1925000,104440000
2008,MISSISSIPPI,28,520000,31000000
2008,MISSOURI,29,1280000,57120000
2008,MONTANA,30,5750000,164920000
2008,NEBRASKA,31,1750000,73480000
2008,NEVADA,32,21000,1108000
2008,NEW JERSEY,34,39000,2257000
2008,NEW MEXICO,35,430000,4340000
2008,NEW YORK,36,140000,8190000
2008,NORTH CAROLINA,37,850000,44400000
2008,NORTH DAKOTA,38,9170000,307415000
2008,OHIO,39,1120000,73030000
2008,OKLAHOMA,40,5700000,170200000
2008,OREGON,41,950000,51030000
2008,PENNSYLVANIA,42,195000,11840000
2008,SOUTH CAROLINA,45,230000,11610000
2008,SOUTH DAKOTA,46,3661000,172540000
2008,TENNESSEE,47,650000,33390000
2008,TEXAS,48,5800000,99000000
2008,UTAH,49,150000,5756000
2008,VIRGINIA,51,320000,20590000
2008,WASHINGTON,53,2340000,121590000
2008,WEST VIRGINIA,54,11000,480000
2008,WISCONSIN,55,373000,23012000
2008,WYOMING,56,163000,4131000
2007,ALABAMA,1,120000,3192000
2007,ARIZONA,4,89000,8724000
2007,ARKANSAS,5,820000,28700000
2007,CALIFORNIA,6,640000,29465000
2007,COLORADO,8,2520000,92980000
2007,DELAWARE,10,57000,3740000
2007,FLORIDA,12,13000,495000
2007,GEORGIA,13,360000,9200000
2007,IDAHO,16,1235000,83645000
2007,ILLINOIS,17,1000000,48950000
2007,INDIANA,18,420000,20720000
2007,IOWA,19,35000,1344000
2007,KANSAS,20,10400000,283800000
2007,KENTUCKY,21,440000,12000000
2007,LOUISIANA,22,235000,11880000
2007,MARYLAND,24,220000,10560000
2007,MICHIGAN,26,550000,34450000
2007,MINNESOTA,27,1765000,81900000
2007,MISSISSIPPI,28,370000,18480000
2007,MISSOURI,29,1050000,37840000
2007,MONTANA,30,5170000,149820000
2007,NEBRASKA,31,2050000,84280000
2007,NEVADA,32,23000,1290000
2007,NEW JERSEY,34,31000,1428000
2007,NEW MEXICO,35,490000,8400000
2007,NEW YORK,36,100000,4505000
2007,NORTH CAROLINA,37,630000,20000000
2007,NORTH DAKOTA,38,8595000,298875000
2007,OHIO,39,820000,44530000
2007,OKLAHOMA,40,5900000,98000000
2007,OREGON,41,855000,43680000
2007,PENNSYLVANIA,42,170000,8990000
2007,SOUTH CAROLINA,45,160000,4050000
2007,SOUTH DAKOTA,46,3508000,143515000
2007,TENNESSEE,47,420000,10660000
2007,TEXAS,48,6200000,140600000
2007,UTAH,49,146000,5656000
2007,VIRGINIA,51,230000,13120000
2007,WASHINGTON,53,2170000,125342000
2007,WEST VIRGINIA,54,8000,342000
2007,WISCONSIN,55,299000,18640000
2007,WYOMING,56,146000,3300000
2006,ALABAMA,1,100000,2565000
2006,ARIZONA,4,79000,7580000
2006,ARKANSAS,5,365000,18605000
2006,CALIFORNIA,6,520000,20935000
2006,COLORADO,8,2170000,41515000
2006,DELAWARE,10,48000,3015000
2006,FLORIDA,12,8000,210000
2006,GEORGIA,13,230000,5880000
2006,IDAHO,16,1255000,90315000
2006,ILLINOIS,17,930000,60970000
2006,INDIANA,18,470000,31280000
2006,IOWA,19,25000,1188000
2006,KANSAS,20,9800000,291200000
2006,KENTUCKY,21,430000,22720000
2006,LOUISIANA,22,115000,5565000
2006,MARYLAND,24,210000,8375000
2006,MICHIGAN,26,660000,47450000
2006,MINNESOTA,27,1750000,80340000
2006,MISSISSIPPI,28,85000,4307000
2006,MISSOURI,29,1000000,49140000
2006,MONTANA,30,5300000,153075000
2006,NEBRASKA,31,1800000,61200000
2006,NEVADA,32,23000,1056000
2006,NEW JERSEY,34,25000,1320000
2006,NEW MEXICO,35,440000,4080000
2006,NEW YORK,36,105000,5795000
2006,NORTH CAROLINA,37,560000,24780000
2006,NORTH DAKOTA,38,8800000,251590000
2006,OHIO,39,990000,65280000
2006,OKLAHOMA,40,5700000,81600000
2006,OREGON,41,870000,43190000
2006,PENNSYLVANIA,42,160000,8850000
2006,SOUTH CAROLINA,45,130000,6150000
2006,SOUTH DAKOTA,46,3310000,84090000
2006,TENNESSEE,47,280000,12160000
2006,TEXAS,48,5550000,33600000
2006,UTAH,49,144000,6120000
2006,VIRGINIA,51,190000,10540000
2006,WASHINGTON,53,2280000,138250000
2006,WEST VIRGINIA,54,8000,366000
2006,WISCONSIN,55,261000,18290000
2006,WYOMING,56,158000,3879000
2005,ALABAMA,1,100000,2250000
2005,ARIZONA,4,85000,8060000
2005,ARKANSAS,5,220000,8320000
2005,CALIFORNIA,6,570000,28155000
2005,COLORADO,8,2570000,54035000
2005,DELAWARE,10,52000,3570000
2005,FLORIDA,12,18000,360000
2005,GEORGIA,13,280000,7280000
2005,IDAHO,16,1260000,100590000
2005,ILLINOIS,17,630000,36600000
2005,INDIANA,18,360000,24480000
2005,IOWA,19,20000,750000
2005,KANSAS,20,10000000,380000000
2005,KENTUCKY,21,390000,20400000
2005,LOUISIANA,22,110000,4800000
2005,MARYLAND,24,155000,9240000
2005,MICHIGAN,26,600000,38940000
2005,MINNESOTA,27,1820000,71470000
2005,MISSISSIPPI,28,70000,3250000
2005,MISSOURI,29,590000,28620000
2005,MONTANA,30,5340000,192480000
2005,NEBRASKA,31,1850000,68640000
2005,NEVADA,32,14000,805000
2005,NEW JERSEY,34,28000,1219000
2005,NEW MEXICO,35,450000,10260000
2005,NEW YORK,36,100000,5130000
2005,NORTH CAROLINA,37,560000,24795000
2005,NORTH DAKOTA,38,9090000,303480000
2005,OHIO,39,860000,58930000
2005,OKLAHOMA,40,5700000,128000000
2005,OREGON,41,940000,52645000
2005,PENNSYLVANIA,42,150000,7830000
2005,SOUTH CAROLINA,45,170000,8415000
2005,SOUTH DAKOTA,46,3315000,133420000
2005,TENNESSEE,47,240000,8400000
2005,TEXAS,48,5500000,96000000
2005,UTAH,49,163000,7099000
2005,VIRGINIA,51,180000,10080000
2005,WASHINGTON,53,2280000,139300000
2005,WEST VIRGINIA,54,7000,300000
2005,WISCONSIN,55,208000,10262000
2005,WYOMING,56,169000,4665000
2004,ALABAMA,1,120000,2880000
2004,ARIZONA,4,105000,9963000
2004,ARKANSAS,5,670000,32860000
2004,CALIFORNIA,6,680000,36200000
2004,COLORADO,8,2315000,46880000
2004,DELAWARE,10,50000,2726000
2004,FLORIDA,12,18000,675000
2004,GEORGIA,13,330000,8550000
2004,IDAHO,16,1250000,101710000
2004,ILLINOIS,17,920000,53100000
2004,INDIANA,18,450000,27280000
2004,IOWA,19,28000,1320000
2004,KANSAS,20,10000000,314500000
2004,KENTUCKY,21,530000,20520000
2004,LOUISIANA,22,180000,8250000
2004,MARYLAND,24,160000,8555000
2004,MICHIGAN,26,660000,40960000
2004,MINNESOTA,27,1728000,89605000
2004,MISSISSIPPI,28,160000,7155000
2004,MISSOURI,29,1050000,48360000
2004,MONTANA,30,5470000,173165000
2004,NEBRASKA,31,1850000,61050000
2004,NEVADA,32,14000,960000
2004,NEW JERSEY,34,28000,1128000
2004,NEW MEXICO,35,490000,8400000
2004,NEW YORK,36,105000,5300000
2004,NORTH CAROLINA,37,600000,23000000
2004,NORTH DAKOTA,38,8195000,306425000
2004,OHIO,39,920000,55180000
2004,OKLAHOMA,40,6200000,164500000
2004,OREGON,41,970000,54150000
2004,PENNSYLVANIA,42,140000,6615000
2004,SOUTH CAROLINA,45,190000,7920000
2004,SOUTH DAKOTA,46,3270000,128610000
2004,TENNESSEE,47,400000,13720000
2004,TEXAS,48,6300000,108500000
2004,UTAH,49,143000,5856000
2004,VIRGINIA,51,210000,9900000
2004,WASHINGTON,53,2330000,143500000
2004,WEST VIRGINIA,54,8000,260000
2004,WISCONSIN,55,247000,12852000
2004,WYOMING,56,160000,3750000
2003,ALABAMA,1,150000,3075000
2003,ARIZONA,4,119000,11912000
2003,ARKANSAS,5,700000,28500000
2003,CALIFORNIA,6,870000,36510000
2003,COLORADO,8,2630000,78160000
2003,DELAWARE,10,50000,1927000
2003,FLORIDA,12,20000,492000
2003,GEORGIA,13,380000,10580000
2003,IDAHO,16,1190000,84660000
2003,ILLINOIS,17,850000,52650000
2003,INDIANA,18,460000,29240000
2003,IOWA,19,25000,1281000
2003,KANSAS,20,10500000,480000000
2003,KENTUCKY,21,500000,21700000
2003,LOUISIANA,22,155000,5740000
2003,MARYLAND,24,165000,5365000
2003,MICHIGAN,26,680000,44880000
2003,MINNESOTA,27,1877000,105482000
2003,MISSISSIPPI,28,150000,6125000
2003,MISSOURI,29,960000,53070000
2003,MONTANA,30,5440000,142330000
2003,NEBRASKA,31,1900000,83720000
2003,NEVADA,32,12000,549000
2003,NEW JERSEY,34,31000,1092000
2003,NEW MEXICO,35,500000,4480000
2003,NEW YORK,36,130000,6360000
2003,NORTH CAROLINA,37,530000,14760000
2003,NORTH DAKOTA,38,8630000,316970000
2003,OHIO,39,1060000,68000000
2003,OKLAHOMA,40,6700000,179400000
2003,OREGON,41,1115000,53540000
2003,PENNSYLVANIA,42,175000,7095000
2003,SOUTH CAROLINA,45,200000,7215000
2003,SOUTH DAKOTA,46,3078000,118391000
2003,TENNESSEE,47,430000,13500000
2003,TEXAS,48,6600000,96600000
2003,UTAH,49,177000,5677000
2003,VIRGINIA,51,210000,7360000
2003,WASHINGTON,53,2400000,139345000
2003,WEST VIRGINIA,54,12000,287000
2003,WISCONSIN,55,212000,12300000
2003,WYOMING,56,168000,4095000
2002,ALABAMA,1,150000,2400000
2002,ARIZONA,4,99000,9444000
2002,ARKANSAS,5,950000,38180000
2002,CALIFORNIA,6,625000,31800000
2002,COLORADO,8,2375000,38100000
2002,DELAWARE,10,55000,3710000
2002,FLORIDA,12,19000,245000
2002,GEORGIA,13,330000,7980000
2002,IDAHO,16,1150000,78410000
2002,ILLINOIS,17,660000,30870000
2002,INDIANA,18,340000,16430000
2002,IOWA,19,20000,848000
2002,KANSAS,20,9700000,270600000
2002,KENTUCKY,21,530000,17160000
2002,LOUISIANA,22,230000,8800000
2002,MARYLAND,24,185000,11220000
2002,MICHIGAN,26,450000,29480000
2002,MINNESOTA,27,2040000,62420000
2002,MISSISSIPPI,28,230000,7200000
2002,MISSOURI,29,900000,33440000
2002,MONTANA,30,5790000,110735000
2002,NEBRASKA,31,1650000,50160000
2002,NEVADA,32,13000,408000
2002,NEW JERSEY,34,38000,1824000
2002,NEW MEXICO,35,480000,3900000
2002,NEW YORK,36,120000,6844000
2002,NORTH CAROLINA,37,600000,18060000
2002,NORTH DAKOTA,38,9080000,216095000
2002,OHIO,39,860000,50220000
2002,OKLAHOMA,40,6200000,103600000
2002,OREGON,41,945000,34500000
2002,PENNSYLVANIA,42,190000,9805000
2002,SOUTH CAROLINA,45,200000,6290000
2002,SOUTH DAKOTA,46,3030000,44247000
2002,TENNESSEE,47,470000,14100000
2002,TEXAS,48,6400000,78300000
2002,UTAH,49,155000,3590000
2002,VIRGINIA,51,230000,10370000
2002,WASHINGTON,53,2450000,129770000
2002,WEST VIRGINIA,54,12000,336000
2002,WISCONSIN,55,208000,11516000
2002,WYOMING,56,159000,2471000
2001,ALABAMA,1,170000,3360000
2001,ARIZONA,4,94000,8517000
2001,ARKANSAS,5,1100000,50440000
2001,CALIFORNIA,6,615000,35105000
2001,COLORADO,8,2397000,69168000
2001,DELAWARE,10,60000,3477000
2001,FLORIDA,12,15000,369000
2001,GEORGIA,13,300000,10600000
2001,IDAHO,16,1210000,80770000
2001,ILLINOIS,17,750000,43920000
2001,INDIANA,18,400000,25080000
2001,IOWA,19,25000,972000
2001,KANSAS,20,9800000,328000000
2001,KENTUCKY,21,550000,23760000
2001,LOUISIANA,22,175000,8000000
2001,MARYLAND,24,190000,11025000
2001,MICHIGAN,26,520000,32640000
2001,MINNESOTA,27,1867000,79655000
2001,MISSISSIPPI,28,250000,11700000
2001,MISSOURI,29,900000,41040000
2001,MONTANA,30,5360000,96570000
2001,NEBRASKA,31,1750000,59200000
2001,NEVADA,32,15000,270000
2001,NEW JERSEY,34,31000,1215000
2001,NEW MEXICO,35,500000,8160000
2001,NEW YORK,36,125000,6360000
2001,NORTH CAROLINA,37,660000,17550000
2001,NORTH DAKOTA,38,9450000,292400000
2001,OHIO,39,950000,60300000
2001,OKLAHOMA,40,5600000,122100000
2001,OREGON,41,910000,32650000
2001,PENNSYLVANIA,42,170000,8320000
2001,SOUTH CAROLINA,45,220000,9030000
2001,SOUTH DAKOTA,46,3025000,76766000
2001,TENNESSEE,47,500000,18360000
2001,TEXAS,48,5600000,108800000
2001,UTAH,49,160000,6034000
2001,VIRGINIA,51,200000,10200000
2001,WASHINGTON,53,2460000,131350000
2001,WEST VIRGINIA,54,12000,464000
2001,WISCONSIN,55,178000,10708000
2001,WYOMING,56,168000,3048000
2000,ALABAMA,1,140000,4860000
2000,ARIZONA,4,92000,8775000
2000,ARKANSAS,5,1180000,59400000
2000,CALIFORNIA,6,635000,37000000
2000,COLORADO,8,2548000,71370000
2000,DELAWARE,10,65000,4158000
2000,FLORIDA,12,13000,441000
2000,GEORGIA,13,300000,10800000
2000,IDAHO,16,1340000,106650000
2000,ILLINOIS,17,950000,52440000
2000,INDIANA,18,550000,35190000
2000,IOWA,19,20000,846000
2000,KANSAS,20,9800000,347800000
2000,KENTUCKY,21,670000,23940000
2000,LOUISIANA,22,200000,9805000
2000,MARYLAND,24,220000,12600000
2000,MICHIGAN,26,530000,36000000
2000,MINNESOTA,27,2022000,96526000
2000,MISSISSIPPI,28,250000,12925000
2000,MISSOURI,29,1050000,49400000
2000,MONTANA,30,5330000,135210000
2000,NEBRASKA,31,1750000,59400000
2000,NEVADA,32,18000,1470000
2000,NEW JERSEY,34,40000,1995000
2000,NEW MEXICO,35,470000,4200000
2000,NEW YORK,36,150000,7420000
2000,NORTH CAROLINA,37,670000,25000000
2000,NORTH DAKOTA,38,10170000,316985000
2000,OHIO,39,1120000,79920000
2000,OKLAHOMA,40,6100000,142800000
2000,OREGON,41,935000,53540000
2000,PENNSYLVANIA,42,200000,10335000
2000,SOUTH CAROLINA,45,200000,9555000
2000,SOUTH DAKOTA,46,3020000,114268000
2000,TENNESSEE,47,550000,20900000
2000,TEXAS,48,6000000,66000000
2000,UTAH,49,173000,6850000
2000,VIRGINIA,51,240000,12915000
2000,WASHINGTON,53,2475000,164880000
2000,WEST VIRGINIA,54,13000,549000
2000,WISCONSIN,55,149000,8730000
2000,WYOMING,56,201000,4312000
1999,ALABAMA,1,140000,4320000
1999,ARIZONA,4,86000,8325000
1999,ARKANSAS,5,970000,51520000
1999,CALIFORNIA,6,590000,37785000
1999,COLORADO,8,2653000,107200000
1999,DELAWARE,10,75000,3990000
1999,FLORIDA,12,16000,520000
1999,GEORGIA,13,300000,9675000
1999,IDAHO,16,1420000,104520000
1999,ILLINOIS,17,1050000,60600000
1999,INDIANA,18,550000,33660000
1999,IOWA,19,40000,1333000
1999,KANSAS,20,10000000,432400000
1999,KENTUCKY,21,650000,24600000
1999,LOUISIANA,22,110000,4935000
1999,MARYLAND,24,215000,12000000
1999,MICHIGAN,26,560000,37950000
1999,MINNESOTA,27,2045000,79210000
1999,MISSISSIPPI,28,180000,8250000
1999,MISSOURI,29,980000,44160000
1999,MONTANA,30,5560000,154310000
1999,NEBRASKA,31,1900000,81600000
1999,NEVADA,32,17000,1375000
1999,NEW JERSEY,34,42000,1848000
1999,NEW MEXICO,35,445000,10640000
1999,NEW YORK,36,130000,8125000
1999,NORTH CAROLINA,37,650000,28420000
1999,NORTH DAKOTA,38,9410000,242280000
1999,OHIO,39,1050000,72100000
1999,OKLAHOMA,40,6400000,150500000
1999,OREGON,41,870000,34659000
1999,PENNSYLVANIA,42,195000,10260000
1999,SOUTH CAROLINA,45,225000,9460000
1999,SOUTH DAKOTA,46,3105000,120582000
1999,TENNESSEE,47,500000,19040000
1999,TEXAS,48,6200000,122400000
1999,UTAH,49,176000,8940000
1999,VIRGINIA,51,280000,13680000
1999,WASHINGTON,53,2525000,124140000
1999,WEST VIRGINIA,54,11000,399000
1999,WISCONSIN,55,133000,7480000
1999,WYOMING,56,210000,6369000
1998,ALABAMA,1,120000,3570000
1998,ARIZONA,4,153000,15840000
1998,ARKANSAS,5,980000,45900000
1998,CALIFORNIA,6,680000,38550000
1998,COLORADO,8,2812000,103470000
1998,DELAWARE,10,75000,3723000
1998,FLORIDA,12,15000,559000
1998,GEORGIA,13,290000,10320000
1998,IDAHO,16,1350000,102410000
1998,ILLINOIS,17,1250000,57600000
1998,INDIANA,18,700000,35750000
1998,IOWA,19,40000,1408000
1998,KANSAS,20,10700000,494900000
1998,KENTUCKY,21,750000,24750000
1998,LOUISIANA,22,100000,3960000
1998,MARYLAND,24,225000,10750000
1998,MICHIGAN,26,600000,30780000
1998,MINNESOTA,27,2015000,80444000
1998,MISSISSIPPI,28,160000,6750000
1998,MISSOURI,29,1350000,57500000
1998,MONTANA,30,5650000,168790000
1998,NEBRASKA,31,1900000,82800000
1998,NEVADA,32,16000,1240000
1998,NEW JERSEY,34,48000,2288000
1998,NEW MEXICO,35,415000,7950000
1998,NEW YORK,36,140000,7020000
1998,NORTH CAROLINA,37,730000,27880000
1998,NORTH DAKOTA,38,9770000,307700000
1998,OHIO,39,1200000,74240000
1998,OKLAHOMA,40,6600000,198900000
1998,OREGON,41,910000,57490000
1998,PENNSYLVANIA,42,195000,9690000
1998,SOUTH CAROLINA,45,265000,7680000
1998,SOUTH DAKOTA,46,3425000,120884000
1998,TENNESSEE,47,570000,15170000
1998,TEXAS,48,6100000,136500000
1998,UTAH,49,179000,8834000
1998,VIRGINIA,51,280000,11025000
1998,WASHINGTON,53,2670000,157425000
1998,WEST VIRGINIA,54,11000,456000
1998,WISCONSIN,55,148000,7635000
1998,WYOMING,56,234000,6790000
1997,ALABAMA,1,130000,3780000
1997,ARIZONA,4,100000,8775000
1997,ARKANSAS,5,880000,39360000
1997,CALIFORNIA,6,655000,41680000
1997,COLORADO,8,3053000,90100000
1997,DELAWARE,10,75000,5329000
1997,FLORIDA,12,20000,663000
1997,GEORGIA,13,400000,15400000
1997,IDAHO,16,1500000,113830000
1997,ILLINOIS,17,1150000,66490000
1997,INDIANA,18,700000,36540000
1997,IOWA,19,27000,1050000
1997,KANSAS,20,11400000,501400000
1997,KENTUCKY,21,650000,22680000
1997,LOUISIANA,22,130000,4255000
1997,MARYLAND,24,215000,14280000
1997,MICHIGAN,26,530000,32240000
1997,MINNESOTA,27,2520000,77300000
1997,MISSISSIPPI,28,200000,7525000
1997,MISSOURI,29,1150000,58320000
1997,MONTANA,30,6150000,181540000
1997,NEBRASKA,31,2000000,70300000
1997,NEVADA,32,21000,1875000
1997,NEW JERSEY,34,40000,2280000
1997,NEW MEXICO,35,430000,9975000
1997,NEW YORK,36,135000,7280000
1997,NORTH CAROLINA,37,730000,34170000
1997,NORTH DAKOTA,38,11625000,269290000
1997,OHIO,39,1180000,68670000
1997,OKLAHOMA,40,6700000,169600000
1997,OREGON,41,955000,60390000
1997,PENNSYLVANIA,42,180000,9100000
1997,SOUTH CAROLINA,45,310000,15000000
1997,SOUTH DAKOTA,46,4020000,98013000
1997,TENNESSEE,47,550000,16200000
1997,TEXAS,48,6300000,118900000
1997,UTAH,49,195000,8742000
1997,VIRGINIA,51,280000,17420000
1997,WASHINGTON,53,2690000,165120000
1997,WEST VIRGINIA,54,13000,486000
1997,WISCONSIN,55,163000,8531000
1997,WYOMING,56,260000,7587000
1996,ALABAMA,1,110000,3520000
1996,ARIZONA,4,180000,16090000
1996,ARKANSAS,5,1300000,66960000
1996,CALIFORNIA,6,780000,51750000
1996,COLORADO,8,2870000,75500000
1996,DELAWARE,10,80000,4134000
1996,FLORIDA,12,13000,380000
1996,GEORGIA,13,380000,15840000
1996,IDAHO,16,1620000,119200000
1996,ILLINOIS,17,1650000,41800000
1996,INDIANA,18,850000,27360000
1996,IOWA,19,52000,1400000
1996,KANSAS,20,11800000,255200000
1996,KENTUCKY,21,700000,28090000
1996,LOUISIANA,22,140000,5590000
1996,MARYLAND,24,235000,11804000
1996,MICHIGAN,26,680000,22800000
1996,MINNESOTA,27,2595000,106582000
1996,MISSISSIPPI,28,245000,11270000
1996,MISSOURI,29,1600000,48750000
1996,MONTANA,30,6640000,174980000
1996,NEBRASKA,31,2300000,73500000
1996,NEVADA,32,21000,1650000
1996,NEW JERSEY,34,46000,1748000
1996,NEW MEXICO,35,470000,4070000
1996,NEW YORK,36,160000,6450000
1996,NORTH CAROLINA,37,630000,25960000
1996,NORTH DAKOTA,38,12680000,395130000
1996,OHIO,39,1400000,51870000
1996,OKLAHOMA,40,6800000,93100000
1996,OREGON,41,940000,65085000
1996,PENNSYLVANIA,42,195000,9120000
1996,SOUTH CAROLINA,45,280000,12150000
1996,SOUTH DAKOTA,46,4325000,139270000
1996,TENNESSEE,47,600000,16720000
1996,TEXAS,48,6000000,75400000
1996,UTAH,49,202000,7455000
1996,VIRGINIA,51,300000,14575000
1996,WASHINGTON,53,2800000,182670000
1996,WEST VIRGINIA,54,14000,495000
1996,WISCONSIN,55,162000,5940000
1996,WYOMING,56,260000,6030000
1995,ALABAMA,1,120000,2880000
1995,ARIZONA,4,125000,10354000
1995,ARKANSAS,5,1100000,47000000
1995,CALIFORNIA,6,650000,32725000
1995,COLORADO,8,2940000,105260000
1995,DELAWARE,10,70000,4352000
1995,FLORIDA,12,20000,384000
1995,GEORGIA,13,350000,11400000
1995,IDAHO,16,1410000,103320000
1995,ILLINOIS,17,1480000,68110000
1995,INDIANA,18,700000,39600000
1995,IOWA,19,50000,1225000
1995,KANSAS,20,11700000,286000000
1995,KENTUCKY,21,650000,24380000
1995,LOUISIANA,22,100000,2880000
1995,MARYLAND,24,230000,14400000
1995,MICHIGAN,26,630000,37200000
1995,MINNESOTA,27,2298000,71849000
1995,MISSISSIPPI,28,180000,6270000
1995,MISSOURI,29,1350000,47970000
1995,MONTANA,30,5720000,195750000
1995,NEBRASKA,31,2150000,86100000
1995,NEVADA,32,12000,850000
1995,NEW JERSEY,34,36000,1824000
1995,NEW MEXICO,35,460000,3300000
1995,NEW YORK,36,130000,6875000
1995,NORTH CAROLINA,37,720000,28160000
1995,NORTH DAKOTA,38,11290000,300300000
1995,OHIO,39,1230000,73810000
1995,OKLAHOMA,40,6800000,109200000
1995,OREGON,41,975000,60920000
1995,PENNSYLVANIA,42,190000,10175000
1995,SOUTH CAROLINA,45,300000,8960000
1995,SOUTH DAKOTA,46,2883000,90736000
1995,TENNESSEE,47,600000,15980000
1995,TEXAS,48,5800000,75600000
1995,UTAH,49,177000,8585000
1995,VIRGINIA,51,300000,17600000
1995,WASHINGTON,53,2700000,153770000
1995,WEST VIRGINIA,54,15000,624000
1995,WISCONSIN,55,155000,8070000
1995,WYOMING,56,235000,7960000
1994,ALABAMA,1,140000,4560000
1994,ARIZONA,4,125000,11186000
1994,ARKANSAS,5,980000,40480000
1994,CALIFORNIA,6,650000,44365000
1994,COLORADO,8,2945000,79734000
1994,DELAWARE,10,75000,3780000
1994,FLORIDA,12,25000,630000
1994,GEORGIA,13,440000,20400000
1994,IDAHO,16,1490000,100280000
1994,ILLINOIS,17,1150000,50400000
1994,INDIANA,18,680000,38430000
1994,IOWA,19,55000,2115000
1994,KANSAS,20,11900000,433200000
1994,KENTUCKY,21,590000,25200000
1994,LOUISIANA,22,100000,2590000
1994,MARYLAND,24,230000,12100000
1994,MICHIGAN,26,600000,30740000
1994,MINNESOTA,27,2653000,71348000
1994,MISSISSIPPI,28,180000,6400000
1994,MISSOURI,29,1250000,50400000
1994,MONTANA,30,5580000,170590000
1994,NEBRASKA,31,2200000,71400000
1994,NEVADA,32,12000,670000
1994,NEW JERSEY,34,45000,1344000
1994,NEW MEXICO,35,470000,5520000
1994,NEW YORK,36,120000,6095000
1994,NORTH CAROLINA,37,670000,30380000
1994,NORTH DAKOTA,38,11590000,356404000
1994,OHIO,39,1200000,68440000
1994,OKLAHOMA,40,7000000,143100000
1994,OREGON,41,965000,58580000
1994,PENNSYLVANIA,42,170000,7920000
1994,SOUTH CAROLINA,45,370000,18000000
1994,SOUTH DAKOTA,46,3675000,95278000
1994,TENNESSEE,47,500000,15000000
1994,TEXAS,48,6000000,75400000
1994,UTAH,49,194000,7012000
1994,VIRGINIA,51,280000,14000000
1994,WASHINGTON,53,2650000,134000000
1994,WEST VIRGINIA,54,15000,550000
1994,WISCONSIN,55,155000,7940000
1994,WYOMING,56,230000,5020000
1993,ALABAMA,1,145000,3230000
1993,ARIZONA,4,95000,7790000
1993,ARKANSAS,5,1150000,41600000
1993,CALIFORNIA,6,591000,42300000
1993,COLORADO,8,2835000,96990000
1993,DELAWARE,10,65000,3591000
1993,FLORIDA,12,40000,825000
1993,GEORGIA,13,400000,13680000
1993,IDAHO,16,1490000,110350000
1993,ILLINOIS,17,1650000,68200000
1993,INDIANA,18,720000,34840000
1993,IOWA,19,60000,625000
1993,KANSAS,20,12100000,388500000
1993,KENTUCKY,21,590000,20090000
1993,LOUISIANA,22,130000,2375000
1993,MARYLAND,24,210000,10800000
1993,MICHIGAN,26,580000,22140000
1993,MINNESOTA,27,2755000,71190000
1993,MISSISSIPPI,28,250000,6930000
1993,MISSOURI,29,1650000,53200000
1993,MONTANA,30,5565000,206334000
1993,NEBRASKA,31,2350000,73500000
1993,NEVADA,32,11000,800000
1993,NEW JERSEY,34,43000,1419000
1993,NEW MEXICO,35,510000,6210000
1993,NEW YORK,36,95000,3910000
1993,NORTH CAROLINA,37,610000,23520000
1993,NORTH DAKOTA,38,11750000,336610000
1993,OHIO,39,1050000,52520000
1993,OKLAHOMA,40,7100000,156600000
1993,OREGON,41,950000,64960000
1993,PENNSYLVANIA,42,170000,7425000
1993,SOUTH CAROLINA,45,280000,9880000
1993,SOUTH DAKOTA,46,3820000,111522000
1993,TENNESSEE,47,490000,13940000
1993,TEXAS,48,6100000,118400000
1993,UTAH,49,187000,7270000
1993,VIRGINIA,51,280000,13515000
1993,WASHINGTON,53,2900000,177580000
1993,WEST VIRGINIA,54,14000,473000
1993,WISCONSIN,55,149000,4660000
1993,WYOMING,56,238000,6146000
1992,ALABAMA,1,140000,4180000
1992,ARIZONA,4,90000,7700000
1992,ARKANSAS,5,950000,39100000
1992,CALIFORNIA,6,642000,43635000
1992,COLORADO,8,2700000,74119000
1992,DELAWARE,10,75000,4060000
1992,FLORIDA,12,45000,840000
1992,GEORGIA,13,400000,16100000
1992,IDAHO,16,1540000,100090000
1992,ILLINOIS,17,1450000,62100000
1992,INDIANA,18,800000,25000000
1992,IOWA,19,70000,1560000
1992,KANSAS,20,12000000,363800000
1992,KENTUCKY,21,560000,20350000
1992,LOUISIANA,22,200000,6120000
1992,MARYLAND,24,230000,12760000
1992,MICHIGAN,26,650000,35280000
1992,MINNESOTA,27,2860000,139860000
1992,MISSISSIPPI,28,300000,10500000
1992,MISSOURI,29,1500000,64800000
1992,MONTANA,30,5500000,149151000
1992,NEBRASKA,31,2350000,55500000
1992,NEVADA,32,12000,800000
1992,NEW JERSEY,34,36000,1400000
1992,NEW MEXICO,35,550000,11220000
1992,NEW YORK,36,120000,6160000
1992,NORTH CAROLINA,37,600000,27750000
1992,NORTH DAKOTA,38,11650000,472890000
1992,OHIO,39,1230000,59095000
1992,OKLAHOMA,40,7300000,168150000
1992,OREGON,41,970000,47800000
1992,PENNSYLVANIA,42,190000,9805000
1992,SOUTH CAROLINA,45,285000,12925000
1992,SOUTH DAKOTA,46,4385000,119590000
1992,TENNESSEE,47,410000,13440000
1992,TEXAS,48,5900000,129200000
1992,UTAH,49,170000,6456000
1992,VIRGINIA,51,290000,15105000
1992,WASHINGTON,53,2650000,119640000
1992,WEST VIRGINIA,54,15000,539000
1992,WISCONSIN,55,167000,2640000
1992,WYOMING,56,237000,5588000
1991,ALABAMA,1,170000,2750000
1991,ARIZONA,4,70000,6750000
1991,ARKANSAS,5,1100000,20460000
1991,CALIFORNIA,6,483000,36160000
1991,COLORADO,8,2638000,74000000
1991,DELAWARE,10,70000,3551000
1991,FLORIDA,12,50000,575000
1991,GEORGIA,13,500000,14025000
1991,IDAHO,16,1340000,81660000
1991,ILLINOIS,17,1650000,44800000
1991,INDIANA,18,850000,28800000
1991,IOWA,19,75000,1700000
1991,KANSAS,20,11800000,363000000
1991,KENTUCKY,21,600000,10800000
1991,LOUISIANA,22,300000,3800000
1991,MARYLAND,24,205000,9750000
1991,MICHIGAN,26,570000,24080000
1991,MINNESOTA,27,2190000,67110000
1991,MISSISSIPPI,28,350000,4500000
1991,MISSOURI,29,1650000,48000000
1991,MONTANA,30,5130000,163507000
1991,NEBRASKA,31,2350000,67200000
1991,NEVADA,32,11000,660000
1991,NEW JERSEY,34,35000,1196000
1991,NEW MEXICO,35,550000,8000000
1991,NEW YORK,36,115000,5390000
1991,NORTH CAROLINA,37,550000,19200000
1991,NORTH DAKOTA,38,10000000,303670000
1991,OHIO,39,1150000,52920000
1991,OKLAHOMA,40,7400000,135000000
1991,OREGON,41,900000,43900000
1991,PENNSYLVANIA,42,180000,7700000
1991,SOUTH CAROLINA,45,300000,8525000
1991,SOUTH DAKOTA,46,3370000,96175000
1991,TENNESSEE,47,440000,7680000
1991,TEXAS,48,6200000,84000000
1991,UTAH,49,165000,5807000
1991,VIRGINIA,51,280000,12250000
1991,WASHINGTON,53,3700000,98600000
1991,WEST VIRGINIA,54,13000,450000
1991,WISCONSIN,55,149000,6118000
1991,WYOMING,56,232000,5920000
1990,ALABAMA,1,280000,6650000
1990,ARIZONA,4,100000,9266000
1990,ARKANSAS,5,1500000,49000000
1990,CALIFORNIA,6,680000,48165000
1990,COLORADO,8,2742000,86950000
1990,DELAWARE,10,65000,3060000
1990,FLORIDA,12,65000,1815000
1990,GEORGIA,13,650000,20650000
1990,IDAHO,16,1420000,99600000
1990,ILLINOIS,17,2050000,88800000
1990,INDIANA,18,1050000,50440000
1990,IOWA,19,80000,3375000
1990,KANSAS,20,12400000,472000000
1990,KENTUCKY,21,700000,20000000
1990,LOUISIANA,22,440000,12870000
1990,MARYLAND,24,200000,9880000
1990,MICHIGAN,26,770000,41250000
1990,MINNESOTA,27,2960000,138620000
1990,MISSISSIPPI,28,600000,15600000
1990,MISSOURI,29,2150000,76000000
1990,MONTANA,30,5745000,145865000
1990,NEBRASKA,31,2450000,85500000
1990,NEVADA,32,16000,980000
1990,NEW JERSEY,34,36000,1247000
1990,NEW MEXICO,35,520000,8100000
1990,NEW YORK,36,150000,7105000
1990,NORTH CAROLINA,37,600000,22550000
1990,NORTH DAKOTA,38,11350000,385220000
1990,OHIO,39,1300000,76200000
1990,OKLAHOMA,40,7400000,198400000
1990,OREGON,41,1010000,57616000
1990,PENNSYLVANIA,42,215000,10500000
1990,SOUTH CAROLINA,45,400000,14440000
1990,SOUTH DAKOTA,46,4140000,128004000
1990,TENNESSEE,47,580000,17640000
1990,TEXAS,48,6700000,130200000
1990,UTAH,49,185000,7170000
1990,VIRGINIA,51,290000,12220000
1990,WASHINGTON,53,2600000,150080000
1990,WEST VIRGINIA,54,15000,552000
1990,WISCONSIN,55,205000,10085000
1990,WYOMING,56,232000,6113000
1989,ALABAMA,1,300000,6600000
1989,ARIZONA,4,120000,10722000
1989,ARKANSAS,5,1300000,52800000
1989,CALIFORNIA,6,731000,52605000
1989,COLORADO,8,2775000,62100000
1989,DELAWARE,10,80000,3108000
1989,FLORIDA,12,80000,1885000
1989,GEORGIA,13,800000,22400000
1989,IDAHO,16,1460000,91420000
1989,ILLINOIS,17,1850000,105020000
1989,INDIANA,18,940000,51920000
1989,IOWA,19,80000,3290000
1989,KANSAS,20,12400000,213600000
1989,KENTUCKY,21,630000,22500000
1989,LOUISIANA,22,390000,10850000
1989,MARYLAND,24,230000,8600000
1989,MICHIGAN,26,660000,33920000
1989,MINNESOTA,27,2765000,102504000
1989,MISSISSIPPI,28,525000,15300000
1989,MISSOURI,29,1970000,86950000
1989,MONTANA,30,6340000,145030000
1989,NEBRASKA,31,2550000,55350000
1989,NEVADA,32,18000,1200000
1989,NEW JERSEY,34,43000,1365000
1989,NEW MEXICO,35,550000,4000000
1989,NEW YORK,36,135000,5850000
1989,NORTH CAROLINA,37,680000,21420000
1989,NORTH DAKOTA,38,10800000,242320000
1989,OHIO,39,1260000,62730000
1989,OKLAHOMA,40,7300000,153900000
1989,OREGON,41,950000,53835000
1989,PENNSYLVANIA,42,220000,7955000
1989,SOUTH CAROLINA,45,460000,17835000
1989,SOUTH DAKOTA,46,3930000,83080000
1989,TENNESSEE,47,540000,18900000
1989,TEXAS,48,6700000,60000000
1989,UTAH,49,190000,5950000
1989,VIRGINIA,51,300000,12650000
1989,WASHINGTON,53,3100000,110610000
1989,WEST VIRGINIA,54,16000,516000
1989,WISCONSIN,55,212000,9320000
1989,WYOMING,56,235000,4708000
1988,ALABAMA,1,270000,8600000
1988,ARIZONA,4,87000,7730000
1988,ARKANSAS,5,1120000,56710000
1988,CALIFORNIA,6,590000,46275000
1988,COLORADO,8,2554000,79540000
1988,DELAWARE,10,65000,3276000
1988,FLORIDA,12,75000,2520000
1988,GEORGIA,13,575000,21500000
1988,IDAHO,16,1220000,75520000
1988,ILLINOIS,17,1300000,67500000
1988,INDIANA,18,840000,35000000
1988,IOWA,19,60000,1225000
1988,KANSAS,20,10200000,323000000
1988,KENTUCKY,21,550000,20520000
1988,LOUISIANA,22,300000,11070000
1988,MARYLAND,24,180000,9010000
1988,MICHIGAN,26,650000,26040000
1988,MINNESOTA,27,2520000,51730000
1988,MISSISSIPPI,28,500000,20700000
1988,MISSOURI,29,1650000,75950000
1988,MONTANA,30,4730000,59970000
1988,NEBRASKA,31,2300000,72000000
1988,NEVADA,32,22000,1340000
1988,NEW JERSEY,34,35000,1395000
1988,NEW MEXICO,35,520000,6960000
1988,NEW YORK,36,95000,4950000
1988,NORTH CAROLINA,37,510000,24000000
1988,NORTH DAKOTA,38,9250000,103390000
1988,OHIO,39,1000000,46000000
1988,OKLAHOMA,40,7000000,172800000
1988,OREGON,41,800000,51800000
1988,PENNSYLVANIA,42,175000,9010000
1988,SOUTH CAROLINA,45,320000,14030000
1988,SOUTH DAKOTA,46,3650000,38006000
1988,TENNESSEE,47,530000,21500000
1988,TEXAS,48,6300000,89600000
1988,UTAH,49,184000,6768000
1988,VIRGINIA,51,230000,10400000
1988,WASHINGTON,53,2170000,124620000
1988,WEST VIRGINIA,54,11000,414000
1988,WISCONSIN,55,150000,5152000
1988,WYOMING,56,241000,4680000
1987,ALABAMA,1,250000,5270000
1987,ARIZONA,4,91000,8005000
1987,ARKANSAS,5,930000,34440000
1987,CALIFORNIA,6,620000,43890000
1987,COLORADO,8,3160000,97380000
1987,DELAWARE,10,50000,2016000
1987,FLORIDA,12,60000,1450000
1987,GEORGIA,13,550000,14260000
1987,IDAHO,16,1210000,85500000
1987,ILLINOIS,17,1100000,56050000
1987,INDIANA,18,750000,34800000
1987,IOWA,19,90000,1140000
1987,KANSAS,20,10700000,366300000
1987,KENTUCKY,21,500000,16170000
1987,LOUISIANA,22,240000,5270000
1987,MARYLAND,24,165000,7595000
1987,MICHIGAN,26,450000,19200000
1987,MINNESOTA,27,2580000,102588000
1987,MISSISSIPPI,28,400000,12600000
1987,MISSOURI,29,900000,35420000
1987,MONTANA,30,4895000,151220000
1987,NEBRASKA,31,2200000,85800000
1987,NEVADA,32,24000,1680000
1987,NEW JERSEY,34,30000,1215000
1987,NEW MEXICO,35,660000,10240000
1987,NEW YORK,36,95000,3825000
1987,NORTH CAROLINA,37,490000,18040000
1987,NORTH DAKOTA,38,9300000,269120000
1987,OHIO,39,900000,49300000
1987,OKLAHOMA,40,7200000,129600000
1987,OREGON,41,845000,52920000
1987,PENNSYLVANIA,42,190000,7955000
1987,SOUTH CAROLINA,45,290000,10450000
1987,SOUTH DAKOTA,46,3660000,106704000
1987,TENNESSEE,47,440000,14000000
1987,TEXAS,48,6800000,100800000
1987,UTAH,49,212000,8963000
1987,VIRGINIA,51,275000,9675000
1987,WASHINGTON,53,2100000,114285000
1987,WEST VIRGINIA,54,13000,495000
1987,WISCONSIN,55,115000,4164000
1987,WYOMING,56,299000,7890000
1986,ALABAMA,1,340000,5720000
1986,ARIZONA,4,98000,8688000
1986,ARKANSAS,5,885000,33415000
1986,CALIFORNIA,6,730000,51525000
1986,COLORADO,8,3360000,96430000
1986,DELAWARE,10,40000,1530000
1986,FLORIDA,12,100000,2635000
1986,GEORGIA,13,640000,15400000
1986,IDAHO,16,1430000,81750000
1986,ILLINOIS,17,1300000,36080000
1986,INDIANA,18,900000,30100000
1986,IOWA,19,90000,1680000
1986,KANSAS,20,11500000,336600000
1986,KENTUCKY,21,440000,8910000
1986,LOUISIANA,22,240000,7350000
1986,MARYLAND,24,160000,6815000
1986,MICHIGAN,26,750000,30600000
1986,MINNESOTA,27,2965000,103666000
1986,MISSISSIPPI,28,250000,6200000
1986,MISSOURI,29,1050000,18810000
1986,MONTANA,30,5015000,138520000
1986,NEBRASKA,31,2300000,76000000
1986,NEVADA,32,25000,1720000
1986,NEW JERSEY,34,40000,1290000
1986,NEW MEXICO,35,720000,10120000
1986,NEW YORK,36,165000,7595000
1986,NORTH CAROLINA,37,525000,15180000
1986,NORTH DAKOTA,38,9620000,292320000
1986,OHIO,39,1150000,48300000
1986,OKLAHOMA,40,7400000,150800000
1986,OREGON,41,1070000,58405000
1986,PENNSYLVANIA,42,230000,9680000
1986,SOUTH CAROLINA,45,325000,7500000
1986,SOUTH DAKOTA,46,4065000,108660000
1986,TENNESSEE,47,430000,10725000
1986,TEXAS,48,8100000,120000000
1986,UTAH,49,270000,9750000
1986,VIRGINIA,51,220000,6970000
1986,WASHINGTON,53,2570000,116850000
1986,WEST VIRGINIA,54,11000,396000
1986,WISCONSIN,55,160000,8040000
1986,WYOMING,56,319000,7845000
1985,ALABAMA,1,500000,12800000
1985,ARIZONA,4,114000,9804000
1985,ARKANSAS,5,650000,18240000
1985,CALIFORNIA,6,885000,68860000
1985,COLORADO,8,3774000,139302000
1985,DELAWARE,10,45000,2064000
1985,FLORIDA,12,120000,3300000
1985,GEORGIA,13,950000,25575000
1985,IDAHO,16,1500000,72030000
1985,ILLINOIS,17,850000,36750000
1985,INDIANA,18,770000,37100000
1985,IOWA,19,120000,5376000
1985,KANSAS,20,12400000,433200000
1985,KENTUCKY,21,430000,10540000
1985,LOUISIANA,22,250000,7140000
1985,MARYLAND,24,140000,6517000
1985,MICHIGAN,26,770000,45000000
1985,MINNESOTA,27,2835000,142426000
1985,MISSISSIPPI,28,380000,9300000
1985,MISSOURI,29,1500000,49920000
1985,MONTANA,30,5660000,50240000
1985,NEBRASKA,31,2600000,89700000
1985,NEVADA,32,27000,1770000
1985,NEW JERSEY,34,45000,1924000
1985,NEW MEXICO,35,730000,20520000
1985,NEW YORK,36,155000,8410000
1985,NORTH CAROLINA,37,800000,22040000
1985,NORTH DAKOTA,38,9350000,323255000
1985,OHIO,39,1000000,58900000
1985,OKLAHOMA,40,7800000,165000000
1985,OREGON,41,1140000,56040000
1985,PENNSYLVANIA,42,220000,10080000
1985,SOUTH CAROLINA,45,460000,12470000
1985,SOUTH DAKOTA,46,4170000,111215000
1985,TENNESSEE,47,340000,8000000
1985,TEXAS,48,8100000,187200000
1985,UTAH,49,274000,8640000
1985,VIRGINIA,51,340000,10545000
1985,WASHINGTON,53,2850000,128250000
1985,WEST VIRGINIA,54,10000,344000
1985,WISCONSIN,55,170000,8800000
1985,WYOMING,56,311000,5528000
1984,ALABAMA,1,480000,14820000
1984,ARIZONA,4,145000,12780000
1984,ARKANSAS,5,1500000,61600000
1984,CALIFORNIA,6,870000,61840000
1984,COLORADO,8,3875000,115020000
1984,DELAWARE,10,50000,2009000
1984,GEORGIA,13,1000000,31150000
1984,IDAHO,16,1550000,81400000
1984,ILLINOIS,17,1800000,70400000
1984,INDIANA,18,1170000,48300000
1984,IOWA,19,110000,3600000
1984,KANSAS,20,13300000,431200000
1984,KENTUCKY,21,670000,19000000
1984,LOUISIANA,22,400000,13120000
1984,MARYLAND,24,147000,6020000
1984,MICHIGAN,26,900000,45600000
1984,MINNESOTA,27,2635000,120711000
1984,MISSISSIPPI,28,770000,25080000
1984,MISSOURI,29,2350000,84050000
1984,MONTANA,30,5015000,104655000
1984,NEBRASKA,31,3200000,81000000
1984,NEVADA,32,27000,1840000
1984,NEW JERSEY,34,48000,1677000
1984,NEW MEXICO,35,730000,11960000
1984,NEW YORK,36,180000,7820000
1984,NORTH CAROLINA,37,700000,26660000
1984,NORTH DAKOTA,38,8820000,284190000
1984,OHIO,39,1240000,48400000
1984,OKLAHOMA,40,7700000,190800000
1984,OREGON,41,1200000,68945000
1984,PENNSYLVANIA,42,230000,8360000
1984,SOUTH CAROLINA,45,400000,14440000
1984,SOUTH DAKOTA,46,3995000,126038000
1984,TENNESSEE,47,670000,21400000
1984,TEXAS,48,7400000,150000000
1984,UTAH,49,269000,8055000
1984,VIRGINIA,51,320000,12375000
1984,WASHINGTON,53,2820000,160350000
1984,WEST VIRGINIA,54,12000,400000
1984,WISCONSIN,55,190000,9640000
1984,WYOMING,56,325000,8072000
1983,ALABAMA,1,600000,15180000
1983,ARIZONA,4,135000,11094000
1983,ARKANSAS,5,1700000,58500000
1983,CALIFORNIA,6,810000,46560000
1983,COLORADO,8,3865000,122103000
1983,DELAWARE,10,55000,2106000
1983,GEORGIA,13,1060000,30940000
1983,IDAHO,16,1500000,91710000
1983,ILLINOIS,17,1550000,64400000
1983,INDIANA,18,1100000,49470000
1983,IOWA,19,75000,1900000
1983,KANSAS,20,13200000,448200000
1983,KENTUCKY,21,740000,16120000
1983,LOUISIANA,22,430000,7500000
1983,MARYLAND,24,145000,5371000
1983,MICHIGAN,26,830000,35770000
1983,MINNESOTA,27,2340000,78960000
1983,MISSISSIPPI,28,720000,20400000
1983,MISSOURI,29,2200000,70300000
1983,MONTANA,30,4810000,136930000
1983,NEBRASKA,31,2800000,98900000
1983,NEVADA,32,21000,1260000
1983,NEW JERSEY,34,55000,1520000
1983,NEW MEXICO,35,750000,13630000
1983,NEW YORK,36,175000,7360000
1983,NORTH CAROLINA,37,600000,15980000
1983,NORTH DAKOTA,38,7370000,194130000
1983,OHIO,39,1300000,58800000
1983,OKLAHOMA,40,7800000,150500000
1983,OREGON,41,1170000,65570000
1983,PENNSYLVANIA,42,210000,7600000
1983,SOUTH CAROLINA,45,440000,10500000
1983,SOUTH DAKOTA,46,3080000,89729000
1983,TENNESSEE,47,820000,19800000
1983,TEXAS,48,7750000,161000000
1983,UTAH,49,250000,8027000
1983,VIRGINIA,51,410000,14280000
1983,WASHINGTON,53,3050000,172570000
1983,WEST VIRGINIA,54,11000,378000
1983,WISCONSIN,55,148000,5812000
1983,WYOMING,56,344000,8964000
1982,ALABAMA,1,850000,23200000
1982,ARIZONA,4,145000,12407000
1982,ARKANSAS,5,2000000,72200000
1982,CALIFORNIA,6,1150000,77175000
1982,COLORADO,8,3350000,84984000
1982,DELAWARE,10,59000,2320000
1982,GEORGIA,13,1470000,45210000
1982,IDAHO,16,1600000,94770000
1982,ILLINOIS,17,1600000,67500000
1982,INDIANA,18,1150000,43260000
1982,IOWA,19,115000,3000000
1982,KANSAS,20,14100000,458500000
1982,KENTUCKY,21,750000,23560000
1982,LOUISIANA,22,550000,19000000
1982,MARYLAND,24,145000,5712000
1982,MICHIGAN,26,650000,22960000
1982,MINNESOTA,27,3240000,126809000
1982,MISSISSIPPI,28,1100000,36100000
1982,MISSOURI,29,2500000,74800000
1982,MONTANA,30,5750000,180320000
1982,NEBRASKA,31,3050000,101500000
1982,NEVADA,32,32000,1890000
1982,NEW JERSEY,34,60000,1800000
1982,NEW MEXICO,35,730000,12750000
1982,NEW YORK,36,145000,5438000
1982,NORTH CAROLINA,37,700000,23400000
1982,NORTH DAKOTA,38,10525000,324835000
1982,OHIO,39,1430000,51600000
1982,OKLAHOMA,40,8000000,227700000
1982,OREGON,41,1260000,63500000
1982,PENNSYLVANIA,42,235000,8208000
1982,SOUTH CAROLINA,45,580000,19800000
1982,SOUTH DAKOTA,46,3900000,98530000
1982,TENNESSEE,47,980000,29880000
1982,TEXAS,48,8200000,144000000
1982,UTAH,49,275000,9273000
1982,VIRGINIA,51,400000,13300000
1982,WASHINGTON,53,2990000,138880000
1982,WEST VIRGINIA,54,11000,315000
1982,WISCONSIN,55,130000,5596000
1982,WYOMING,56,325000,8985000
1981,ALABAMA,1,650000,24860000
1981,ARIZONA,4,261000,21844000
1981,ARKANSAS,5,1750000,67650000
1981,CALIFORNIA,6,1420000,105545000
1981,COLORADO,8,3511000,87877000
1981,DELAWARE,10,50000,1920000
1981,GEORGIA,13,1150000,46010000
1981,IDAHO,16,1590000,89780000
1981,ILLINOIS,17,2000000,97500000
1981,INDIANA,18,1350000,59800000
1981,IOWA,19,131000,4875000
1981,KANSAS,20,13900000,302500000
1981,KENTUCKY,21,810000,28560000
1981,LOUISIANA,22,310000,11550000
1981,MARYLAND,24,140000,5617000
1981,MICHIGAN,26,840000,41500000
1981,MINNESOTA,27,3570000,140025000
1981,MISSISSIPPI,28,650000,24000000
1981,MISSOURI,29,3200000,115500000
1981,MONTANA,30,6040000,172830000
1981,NEBRASKA,31,3000000,104400000
1981,NEVADA,32,34000,1850000
1981,NEW JERSEY,34,64000,2352000
1981,NEW MEXICO,35,700000,11000000
1981,NEW YORK,36,170000,7040000
1981,NORTH CAROLINA,37,600000,21450000
1981,NORTH DAKOTA,38,11825000,328260000
1981,OHIO,39,1640000,70400000
1981,OKLAHOMA,40,7700000,172800000
1981,OREGON,41,1300000,74330000
1981,PENNSYLVANIA,42,250000,8640000
1981,SOUTH CAROLINA,45,430000,14350000
1981,SOUTH DAKOTA,46,4060000,88970000
1981,TENNESSEE,47,1025000,37400000
1981,TEXAS,48,7800000,183400000
1981,UTAH,49,282000,9340000
1981,VIRGINIA,51,420000,17160000
1981,WASHINGTON,53,3180000,168350000
1981,WEST VIRGINIA,54,11000,324000
1981,WISCONSIN,55,130000,5518000
1981,WYOMING,56,307000,8280000
1980,ALABAMA,1,325000,6630000
1980,ARIZONA,4,225000,17200000
1980,ARKANSAS,5,950000,32870000
1980,CALIFORNIA,6,1235000,85500000
1980,COLORADO,8,3554000,110300000
1980,DELAWARE,10,33000,1080000
1980,GEORGIA,13,660000,19800000
1980,IDAHO,16,1635000,96030000
1980,ILLINOIS,17,1600000,76930000
1980,INDIANA,18,1150000,53900000
1980,IOWA,19,100000,3496000
1980,KANSAS,20,13000000,420000000
1980,KENTUCKY,21,450000,13825000
1980,LOUISIANA,22,100000,1876000
1980,MARYLAND,24,100000,3686000
1980,MICHIGAN,26,820000,35200000
1980,MINNESOTA,27,3615000,102556000
1980,MISSISSIPPI,28,375000,9300000
1980,MISSOURI,29,2200000,89010000
1980,MONTANA,30,5970000,119800000
1980,NEBRASKA,31,3000000,108300000
1980,NEVADA,32,32000,1800000
1980,NEW JERSEY,34,52000,1849000
1980,NEW MEXICO,35,650000,10500000
1980,NEW YORK,36,160000,6000000
1980,NORTH CAROLINA,37,425000,14000000
1980,NORTH DAKOTA,38,11735000,179650000
1980,OHIO,39,1400000,67130000
1980,OKLAHOMA,40,7500000,195000000
1980,OREGON,41,1410000,77400000
1980,PENNSYLVANIA,42,260000,9250000
1980,SOUTH CAROLINA,45,205000,6912000
1980,SOUTH DAKOTA,46,4050000,62425000
1980,TENNESSEE,47,600000,18620000
1980,TEXAS,48,6800000,130000000
1980,UTAH,49,292000,8942000
1980,VIRGINIA,51,317000,10582000
1980,WASHINGTON,53,3320000,160220000
1980,WEST VIRGINIA,54,12000,380000
1980,WISCONSIN,55,119000,4365000
1980,WYOMING,56,352000,8620000
